{"nDSC": 65.05053037741854, "nDSC std": 10.472394199927418, "Lesion F1 score": 20.94559516631317, "Lesion F1 score std": 12.223921797350368, "nDSC R-AUC": 1.7644127847187057, "nDSC R-AUC std": 1.4772121710154267}