{"model_name": "SwinUNETR", "nDSC": 67.55863936531131, "nDSC std": 10.211468111994419, "Lesion F1 score": 32.6372408702275, "Lesion F1 score std": 12.483215027322078, "nDSC R-AUC": 3.5294796165610376, "nDSC R-AUC std": 2.9902136592531055}