{"nDSC": 71.75595231995298, "nDSC std": 8.696038792793306, "Lesion F1 score": 35.110906675494164, "Lesion F1 score std": 14.263135368144157, "nDSC R-AUC": 8.74497076414209, "nDSC R-AUC std": 8.162803573241632}